representation,ari,nmi,nn_accuracy,silhouette
stack,0.3076923076923077,0.5644105252727687,0.2222222222222222,0.10947341471910477
pca,0.06493506493506493,0.40490058363640974,0.0,0.05537186190485954
