benchmark,representation,estimate,compartment,ari,nmi,nn_accuracy,silhouette
stage,stack,point,all,0.07142857142857142,0.3930065516315366,0.3333333333333333,0.04054605960845947
stage,pca,point,all,-0.1176470588235294,0.2179136487255354,0.1111111111111111,0.0062376097775995
stage,pca,bootstrap_median,all,-0.1176470588235294,0.2179136487255354,0.1111111111111111,0.0025711950147524
stage,stack,bootstrap_median,all,0.0714285714285714,0.3930065516315367,0.2222222222222222,0.0362930744886398
radiology,stack,point,all,0.3076923076923077,0.5644105252727687,0.2222222222222222,0.1094734147191047
radiology,pca,point,all,0.0649350649350649,0.4049005836364097,0.0,0.0553718619048595
radiology,pca,bootstrap_median,all,0.0649350649350649,0.4049005836364097,0.1111111111111111,0.0497926864773035
radiology,stack,bootstrap_median,all,0.217391304347826,0.5096070168485125,0.3333333333333333,0.1027342975139617
