benchmark,estimate,ari,nmi,nn_accuracy,silhouette
radiology,bootstrap_median,0.1524562394127611,0.10470643321210282,0.2222222222222222,0.0529416110366582
radiology,point,0.2427572427572428,0.159509941636359,0.2222222222222222,0.054101552814245196
stage,bootstrap_median,0.18907563025210078,0.1750929029060013,0.1111111111111111,0.0337218794738874
stage,point,0.18907563025210083,0.17509290290600119,0.2222222222222222,0.03430844983085997
